product_hs92_code,product_name_short,product_name,export_rca,density,pci,cog,export_value,efficiency
9205,"Musical instruments, wind","Wind musical instruments (for example, clarinets, trumpets, bagpipes)",6.140079,0.18400000000000005,1.853,0.0,64600384,2.2680538555691556
0410,"Edible animal products, n.e.c.","Edible products of animal origin, not elsewhere specified or included",49.648224,0.5429999999999999,0.946,0.0,621198414,2.065502183406113
6909,Ceramic wares for technical ware,"Ceramic wares for laboratory, chemical or other technical uses; ceramic troughs, tubs and similar receptacles of a kind used in agriculture; ceramic pots, jars and similar articles of a kind used for the conveyance or packing of goods",1.164218,0.18400000000000005,1.633,0.0,100499211,1.9987760097919218
8543,Electrical machines with individual functions n.e.c.,"Electrical machines and apparatus, having individual functions, not specified or included elsewhere in this chapter; parts thereof",2.393802,0.20699999999999996,1.43,0.0,1811665621,1.8010075566750627
2927,"Diazo-, azo-, or azoxy-compounds","Diazo-, azo- or azoxy-compounds",9.097953,0.244,1.197,0.0,67812749,1.5812417437252313
4806,Transparent paper,"Vegetable parchment, greaseproof papers, tracing papers and glassine and other glazed transparent or translucent papers, in rolls or sheets",1.259443,0.19099999999999995,1.257,0.0,31270995,1.5518518518518516
8533,Electrical resistors,"Electrical resistors (including rheostats and potentiometers), other than heating resistors; parts thereof",1.213097,0.18600000000000005,1.235,0.0,137993468,1.5153374233128836
7218,Stainless steel in ingots,Stainless steel in ingots or other primary forms; semi- finished products of stainless steel,43.720562,0.20199999999999996,1.205,0.0,2665189148,1.5081351689612015
3812,Stabilizers for rubber or plastic,"Prepared rubber accelerators; compound plasticizers for rubber or plastics, not elsewhere specified or included; antioxidizing preparations and other compound stabilizers for rubber or plastics",1.580236,0.19899999999999995,1.204,0.0,90495671,1.5012468827930172
2903,Halogenated derivatives of hydrocarbons,Halogenated derivatives of hydrocarbons,1.210834,0.19799999999999995,1.107,0.0,153368082,1.3785803237858032
7219,Flat-rolled products of stainless steel of a width > 600 mm,"Flat-rolled products of stainless steel, of a width of 600 mm or more",13.879287,0.19899999999999995,1.013,0.0,5312625637,1.263092269326683
2915,Saturated acyclic monocarboxylic acids,"Saturated acyclic monocarboxylic acids and their anhydrides, halides, peroxides and peroxyacids; their halogenated, sulfonated, nitrated or nitrosated derivatives",3.471121,0.21099999999999997,0.995,0.0,574188316,1.2594936708860758
3904,Polymers of vinyl chloride,"Polymers of vinyl chloride or of other halogenated olefins, in primary forms",1.431815,0.19199999999999995,0.984,0.0,355956547,1.2163164400494437
7320,Springs of iron or steel,"Springs and leaves for springs, of iron or steel",1.158393,0.18400000000000005,0.928,0.0,106973192,1.1358629130966953
5403,Artificial filament yarn,"Artificial filament yarn (other than sewing thread), not put up for retail sale, including artificial monofilament of less than 67 decitex",2.013713,0.19399999999999995,0.915,0.0,35834286,1.1338289962825279
9207,"Musical instruments, electric","Musical instruments, the sound of which is produced, or must be amplified,electrically (for example, organs, guitars, accordions)",11.15054,0.20399999999999996,0.884,0.0,359776865,1.109159347553325
8510,Electric shavers and hair clippers,"Shavers, hair clippers and hair-removing appliances, with self-contained electric motor; parts thereof",5.171388,0.20599999999999996,0.848,0.0,311500106,1.0666666666666667
8506,Primary cells and primary batteries,Primary cells and primary batteries; parts thereof,4.70505,0.21699999999999997,0.798,0.0,483267236,1.0178571428571428
7109,Gold clad metals,"Base metals or silver, clad with gold, not further worked than semimanufactured",1.105273,0.22299999999999998,0.782,0.0,952931,1.0051413881748072
8532,Electrical capacitors,"Electrical capacitors, fixed, variable or adjustable (pre-set); parts thereof",1.620642,0.244,0.752,0.0,546853971,0.9933949801849405
9201,Pianos,"Pianos, including player pianos; harpsichords and other keyboard stringed instruments",10.604833,0.20899999999999996,0.768,0.0,115330189,0.9696969696969697
5902,Tire cord fabric,"Tire cord fabric of high tenacity yarn of nylon or other poly- amides, polyesters or viscose rayon",2.339498,0.23199999999999998,0.743,0.0,71918313,0.9661898569570871
9612,Typewriter ribbons and ink pads,"Typewriter or similar ribbons, inked or otherwise prepared for giving impressions, whether or not on spools or in cartridges; ink pads, whether or not inked, with or without boxes",1.077007,0.21399999999999997,0.705,0.0,18011667,0.8958068614993646
2922,Oxygen-function amino-compounds,Oxygen-function amino-compounds,1.485084,0.21599999999999997,0.697,0.0,277774241,0.8878980891719744
8714,Parts of motorcycles or wheelchairs,Parts and accessories of vehicles of headings 8711 to 8713,3.982986,0.246,0.663,0.0,1131637551,0.8781456953642385
3404,Artificial and prepared waxes,Artificial waxes and prepared waxes,2.494655,0.19799999999999995,0.703,0.0,103497703,0.8754669987546699
3215,Ink,"Printing ink, writing or drawing ink and other inks, whether or not concentrated or solid",1.529297,0.20099999999999996,0.672,0.0,192066979,0.84
4802,Paper used for graphic purposes,"Uncoated paper and paperboard, of a kind used for writing, printing or other graphic purposes, and non perforated punch-cards and punch tape paper, in rolls or rectangular (including square) sheets, of any size, other than paper of heading 4801 or 4803; h",13.589218,0.20999999999999996,0.652,0.0,2097071529,0.8242730720606827
4002,Synthetic rubber,"Synthetic rubber and factice derived from oils, in primary forms or in plates, sheets or strip; mixtures of any product of heading 4001 with any product of this heading, in primary forms or in plates, sheets or strip",1.191346,0.23399999999999999,0.588,0.0,347231638,0.7666232073011734
5404,"Synthetic monofilament >67 dtex, thickness < 1mm","Synthetic monofilament of 67 decitex or more and of which no cross-sectional dimension exceeds 1 mm; strip and the like (for example, artificial straw) of synthetic textile materials of an apparent width not exceeding 5 mm",1.786185,0.21099999999999997,0.576,0.0,31535987,0.7291139240506328
7407,"Copper bars, rods and profiles","Copper bars, rods and profiles",1.514553,0.20299999999999996,0.562,0.0,111304875,0.7042606516290727
9106,Apparatus for measuring intervals of time,"Time of day recording apparatus and apparatus for measuring,recording or otherwise indicating intervals of time, with clock or watch movement or with synchronous motor (for example, time registers, time-recorders)",3.191901,0.21499999999999997,0.547,0.0,14090983,0.6959287531806616
5504,"Artificial staple fibers, not processed for spinning","Artificial staple fibers, not carded, combed or otherwise processed for spinning",16.64254,0.242,0.498,0.0,603748642,0.6561264822134387
5503,Synthetic staple fibers,"Synthetic staple fibers, not carded, combed or otherwise processed for spinning",3.146518,0.23299999999999998,0.491,0.0,240405672,0.6393229166666666
2847,Hydrogen peroxide,"Hydrogen peroxide, whether or not solidified with urea",1.133322,0.20699999999999996,0.476,0.0,13258545,0.5994962216624684
8003,Tin bars and wire,"Tin bars, rods, profiles and wire",3.760222,0.22799999999999998,0.44,0.0,18602773,0.5692108667529108
7114,Goldsmith and silversmith wares,"Articles of goldsmiths' or silversmiths' wares and parts thereof, of precious metal or of metal clad with precious metal",3.418319,0.21499999999999997,0.436,0.0,46531554,0.55470737913486
8528,Monitors and projectors,"Monitors and projectors, not incorporating television reception apparatus; reception apparatus for television, whether or not incorporating radio-broadcast receivers or sound or video recording or reproducing apparatus",1.408776,0.23299999999999998,0.419,0.0,1205792519,0.5455729166666666
8522,Parts and accessories for video or sound equipment,Parts and accessories suitable for use solely or principally with the apparatus of headings 8519 to 8521,8.774101,0.255,0.405,0.0,143669912,0.5428954423592494
3204,Synthetic organic coloring matter,"Synthetic organic coloring matter, whether or not chemically defined; preparations as specified in note 3 to this chapter based on synthetic organic coloring matter; synthetic organic products of a kind used as fluorescent brightening agents or as luminop",1.044774,0.21699999999999997,0.414,0.0,140393218,0.5280612244897959
8712,Bicycles,"Bicycles and other cycles (including delivery tricycles), not motorized:",1.196138,0.20899999999999996,0.405,0.0,108992749,0.5113636363636364
4011,New pneumatic tires of rubber,"New pneumatic tires, of rubber",1.535751,0.22299999999999998,0.355,0.0,1758533633,0.4562982005141388
4414,Wooden frames,"Wooden frames for paintings, photographs, mirrors or similar objects",3.309904,0.22899999999999998,0.314,0.0,37745055,0.4067357512953368
7113,Jewelry of precious metal,"Articles of jewelry and parts thereof, of precious metal or of metal clad with precious metal",2.843442,0.21099999999999997,0.315,0.0,4194897282,0.39873417721518983
7312,"Wire of iron or steel, not insulated","Stranded wire, ropes, cables, plaited bands, slings and the like, of iron or steel, not electrically insulated",1.284738,0.237,0.28,0.0,120881048,0.3664921465968587
8711,Motorcycles,"Motorcycles (including mopeds) and cycles fitted with an auxiliary motor, with or without side-cars; side-cars",2.513974,0.20999999999999996,0.289,0.0,1183023656,0.3653603034134007
4822,"Bobbins, spools, cops of paper","Bobbins, spools, cops and similar supports of paper pulp, paper or paperboard (whether or not perforated or hardened)",1.405012,0.20499999999999996,0.282,0.0,8810087,0.3542713567839195
9202,"Musical instruments, string","Other string musical instruments (for example, guitars, violins, harps)",5.368244,0.236,0.271,0.0,67624038,0.3542483660130719
3817,Mixed alkylbenzenes,"Mixed alkylbenzenes and mixed alkylnaphthalenes, other than those of heading 2707 or 2902",1.291866,0.22599999999999998,0.245,0.0,34762736,0.3161290322580645
7305,"Other tubes and pipes, diameter > 406.4 mm, of iron or steel","Other tubes and pipes (for example, welded, riveted or similarly closed), having circular cross sections, the external diameter of which exceeds 406.4 mm, of iron or steel",3.293078,0.249,0.228,0.0,378578236,0.30319148936170215
4905,Maps,"Maps and hydrographic or similar charts of all kinds, including atlases, wall maps, topographical plans and globes, printed",2.050517,0.19799999999999995,0.228,0.0,3346620,0.2839352428393524
4816,Other carbon paper,"Carbon paper, self-copy paper and other copying or transfer papers (other than those of heading 4809), duplicator stencils and offset plates, of paper, whether or not put up in boxes",6.863667,0.256,0.177,0.0,40534626,0.23758389261744967
4813,Cigarette paper,"Cigarette paper, whether or not cut to size or in the form of booklets or tubes",3.213087,0.20299999999999996,0.143,0.0,90715987,0.17919799498746863
0208,Other meat,"Other meat and edible meat offal, fresh, chilled or frozen",1.378228,0.20099999999999996,0.097,0.0,12606679,0.12125
4805,Other uncoated paper and paperboard,"Other uncoated paper and paperboard, in rolls or sheets, not further worked or processed than as specified in note 3 to this chapter",2.36092,0.21499999999999997,0.09,0.0,455140853,0.11450381679389313
2817,Zinc oxide or peroxide,Zinc oxide; zinc peroxide,1.93942,0.23299999999999998,0.066,0.0,32411228,0.0859375
2706,"Tar distilled from coal, lignite etc.","Tar distilled from coal, from lignite or from peat, and other mineral tars, whether or not dehydrated or partially distilled, including reconstituted tars",4.01651,0.21699999999999997,0.066,0.0,37511998,0.08418367346938775
4702,"Chemical woodpulp, dissolving grade",Sulfate or soda,11.241961,0.23099999999999998,0.056,0.0,791024138,0.07272727272727272
7005,Float glass,"Float glass and surface ground or polished glass, in sheets, whether or not having an absorbent, reflecting or non-reflecting layer, but not otherwise worked",2.434714,0.22899999999999998,0.053,0.0,179094042,0.06865284974093264
4003,Reclaimed rubber,"Reclaimed rubber in primary forms or in plates, sheets or strip",1.333614,0.237,0.014,0.0,6887503,0.01832460732984293
9607,Slide fasteners,Slide fasteners and parts thereof,2.474209,0.21799999999999997,0.006,0.0,84550732,0.007662835249042145
5402,Synthetic filament yarn,"Synthetic filament yarn (other than sewing thread), not put up for retail sale, including synthetic monofilament of less than 67 decitex",1.365962,0.236,0.002,0.0,284028790,0.00261437908496732
5515,Other woven fabrics of synthetic staple fibers,Other woven fabrics of synthetic staple fibers,1.883644,0.23099999999999998,-0.002,0.0,94910321,-0.0025974025974025974
2618,Granulated iron or steel slag,Granulated slag (slag sand) from the manufacture or iron or steel,1.254737,0.21499999999999997,-0.004,0.0,14099335,-0.0050890585241730275
6811,Asbestos-cement or cellulose fiber-cement,"Articles of asbestos-cement, of cellulose fiber-cement or the like",1.099446,0.21999999999999997,-0.016,0.0,20353650,-0.020486555697823303
3802,Activated carbon,"Activated carbon; activated natural mineral products; animal black, including spent animal black",1.993034,0.243,-0.047,0.0,75422921,-0.06200527704485488
3806,Rosin and resin acids,"Rosin and resin acids, and derivatives thereof; rosin spirit and rosin oils; run gums",8.650942,0.21599999999999997,-0.053,0.0,140458584,-0.06751592356687898
1518,"Animal or vegetable fats and oils, processed","Animal or vegetable fats and oils and their fractions, boiled, oxidized, dehydrated, sulfurized, blown, polymerized by heat in vacuum or in inert gas or otherwise chemically modified, excluding those of heading 1516; inedible mixtures or preparations of a",2.501601,0.21399999999999997,-0.07,0.0,244842590,-0.08894536213468869
8111,Manganese,"Manganese and articles thereof, including waste and scrap:",8.834948,0.28700000000000003,-0.064,0.0,122011513,-0.0896358543417367
1522,Degras and wax residues,Degras; residues resulting from the treatment of fatty substances or animal or vegetable waxes,40.924007,0.244,-0.068,0.0,221555936,-0.08982826948480846
8478,Machinery for preparing tobacco,"Machinery for preparing or making up tobacco, not specified or included elsewhere in this chapter; parts thereof",1.502116,0.21999999999999997,-0.09,0.0,24049403,-0.11523687580025607
5510,"Yarn of artificial staple fibers, not for retail sale","Yarn (other than sewing thread) of artificial staple fibers, not put up for retail sale",16.475389,0.235,-0.095,0.0,252129472,-0.12402088772845953
4703,"Chemical woodpulp, soda or sulfate","Chemical woodpulp, soda or sulfate, other than dissolving grades",6.316185,0.22999999999999998,-0.106,0.0,2673839502,-0.13748378728923474
2105,Ice cream,"Ice cream and other edible ice, whether or not containing cocoa",1.140327,0.20899999999999996,-0.138,0.0,78019318,-0.17424242424242425
5407,Woven fabrics of synthetic filament yarn,"Woven fabrics of synthetic filament yarn, including woven fabrics obtained from materials of heading 5404",1.039007,0.263,-0.131,0.0,374039503,-0.1775067750677507
9609,"Pencils, crayons, pastels, etc.","Pencils (other than those pencils of heading 9608), crayons, pencil leads, pastels, drawing charcoals, writing or drawing chalks and tailors' chalks",2.18389,0.25,-0.142,0.0,48632785,-0.18908122503328892
4418,Wood carpentry for construction,"Builders' joinery and carpentry of wood, including cellular wood panels and assembled flooring panels; shingles and shakes",2.505527,0.21099999999999997,-0.157,0.0,455125234,-0.19873417721518988
8906,Other vessels,"Other vessels, including warships and lifeboats other than row boats",2.007178,0.235,-0.218,0.0,136878940,-0.2845953002610966
1520,Glycerol,"Glycerol, crude; glycerol waters and glycerol lyes",22.174494,0.235,-0.229,0.0,701611601,-0.2989556135770235
9602,Worked vegetable or mineral carving material,"Worked vegetable or mineral carving material and articles of these materials; molded or carved articles of wax, of stearin, of natural gums or natural resins, of modeling pastes, and other molded or carved articles, not elsewhere specified or included;wor",1.226148,0.252,-0.24,0.0,16694940,-0.3204272363150868
4706,Pulps of recovered paper fibers,Pulps of fibers derived from recovered (waste and scrap) paper or paperboard or of other fibrous cellulosic material,1.532384,0.274,-0.236,0.0,42018640,-0.3246217331499312
7112,Scrap of precious metal,"Waste and scrap of precious metal or of metal clad with precious metal; other waste and scrap containing precious metal or precious metal compounds, of a kind used principally for the recovery of precious metal",7.628553,0.22999999999999998,-0.253,0.0,1933905972,-0.32814526588845655
7101,Pearls,"Pearls, natural or cultured, whether or not worked or graded but not strung, mounted or set; pearls, natural or cultured, temporarily strung for convenience of transport",11.215108,0.29000000000000004,-0.236,0.0,116600970,-0.3319268635724332
4111,Composition leather,"Composition leather, in slabs, sheets or strip",2.36957,0.20699999999999996,-0.271,0.0,5180531,-0.3413098236775819
1905,Bakery products,"Bread, pastry, cakes, biscuits and other bakers' wares, whether or not containing cocoa; communion wafers, empty capsules of a kind suitable for pharmaceutical use, sealing wafers, rice paper and similar products",1.354218,0.20999999999999996,-0.271,0.0,847500975,-0.34260429835651074
2833,Sulfates,Sulfates; alums; peroxosulfates (persulfates),3.985058,0.237,-0.315,0.0,249988520,-0.412303664921466
4401,Fuel wood,"Fuel wood, in logs, in billets, in twigs, in faggots or in similar forms; wood in chips or particles; sawdust and wood waste and scrap, whether or not agglomerated in logs, briquettes, pellets or similar forms",1.385339,0.21499999999999997,-0.329,0.0,215384945,-0.41857506361323155
6403,Leather footwear,"Footwear with outer soles of rubber, plastics, leather or composition leather and uppers of leather",4.079386,0.24,-0.33,0.0,2701713138,-0.43363994743758216
2101,Coffee extracts,"Extracts, essences and concentrates, of coffee, tea or mate and preparations with a basis of these products or with a basis of coffee, tea or mate; roasted chicory and other roasted coffee substitutes, and extracts, essences and concentrates",4.794282,0.238,-0.34,0.0,602556132,-0.4456094364351245
4419,Wooden kitchenware,"Tableware and kitchenware, of wood",1.056745,0.253,-0.344,0.0,25458023,-0.4598930481283422
1805,Cocoa powder,"Cocoa powder, not containing added sugar or other sweetening matter",7.144551,0.22699999999999998,-0.358,0.0,269449497,-0.46253229974160204
5509,"Yarn of synthetic staple fibers, not for retail sale","Yarn (other than sewing thread) of synthetic staple fibers, not put up for retail sale",6.844063,0.244,-0.379,0.0,401024961,-0.5006605019815059
4015,Vulcanized rubber articles of apparel,"Articles of apparel and clothing accessories (including gloves, mittens and mitts), for all purposes, of vulcanized rubber other than hard rubber",2.054796,0.28300000000000003,-0.388,0.0,194349444,-0.5403899721448469
2905,Acyclic alcohols,"Acyclic alcohols and their halogenated, sulfonated, nitrated or nitrosated derivatives",1.080528,0.23399999999999999,-0.434,0.0,339908575,-0.5658409387222947
4421,Other articles of wood,Other articles of wood,1.702096,0.22899999999999998,-0.439,0.0,160486374,-0.5686528497409327
4413,Densified wood,"Densified wood, in blocks, plates, strips or profile shapes",1.294436,0.22899999999999998,-0.444,0.0,7436832,-0.5751295336787565
6404,Textile footwear,"Footwear with outer soles of rubber, plastics, leather or composition leather and uppers of textile materials",4.338596,0.255,-0.457,0.0,2222211102,-0.6126005361930296
4203,Leather apparel,"Articles of apparel and clothing accessories, of leather or of composition leather",1.619559,0.259,-0.467,0.0,137099789,-0.6293800539083558
7213,Hot rolled bars of iron,"Bars and rods, hot-rolled, in irregularly wound coils, of iron or nonalloy steel",2.795973,0.23199999999999998,-0.485,0.0,445584727,-0.6306892067620286
9404,Mattresses and bedding,"Mattress supports; articles of bedding and similar furnishing (for example,mattresses, quilts, eiderdowns, cushions, pouffes and pillows) fitted with springs or stuffed orinternally fitted with any material or of cellular rubber or plastics, whether or no",1.415782,0.257,-0.48,0.0,348853369,-0.6451612903225806
2818,Aluminum oxide,"Artificial corundum, whether or not chemically defined; aluminum oxide; aluminum hydroxide",3.826095,0.29400000000000004,-0.493,0.0,760249595,-0.6973125884016973
7408,Copper wire,Copper wire,2.2925,0.23199999999999998,-0.575,0.0,709567710,-0.7477243172951885
2517,Gravel,"Pebbles, gravel, broken or crushed stone, of a kind commonly used for concrete aggregates, for road metalling, or for railway or other ballast; shingle and flint, whether or not heat-treated; macadam of slag, dross or similar industrial waste, whether or",1.556262,0.22699999999999998,-0.593,0.0,53841558,-0.7661498708010336
3805,Turpentines,"Gum, wood or sulfate turpentine and other terpenic oils produced by the distillation or other treatment of coniferous woods; crude dipentene; sulfite turpentine and other crude para-cymene; pine oil containing alpha-terpineol as the main constituen",10.659433,0.241,-0.592,0.0,50391831,-0.7789473684210526
9507,Fishing and hunting equipment,"Fishing rods, fish hooks and other line fishing tackle; fish landing nets,butterfly nets and similar nets; decoy birds (other than those of heading 9208 or 9705) and similar hunting or shooting equipment; parts and accessories thereof",1.293893,0.27,-0.583,0.0,55180382,-0.7975376196990424
4809,Carbon paper,"Carbon paper, self-copy paper and other copying or transfer papers (including coated or impregnated paper for duplicator stencils or offset plates), whether or not printed, in rolls or sheets",8.523356,0.236,-0.632,0.0,99203697,-0.8261437908496732
4107,Bovine leather further prepared,"Leather further prepared after tanning or crusting, including parchment-dressed leather, of bovine (including buffalo) or equine animals, without hair on, whether or not split, other than leather of heading 4114",2.725819,0.242,-0.639,0.0,23256661,-0.841897233201581
1803,Cocoa paste,"Cocoa paste, whether or not defatted",3.466497,0.22799999999999998,-0.668,0.0,170361041,-0.8641655886157827
7206,Iron and nonalloy steel,Iron and nonalloy steel in ingots or other primary forms (excluding iron of heading 7203),1.039989,0.23099999999999998,-0.702,0.0,7688120,-0.9116883116883117
5210,Woven fabrics of cotton of < 85% weighing < 200 g/m2,"Woven fabrics of cotton, containing less than 85 percent by weight of cotton, mixed mainly or solely with man-made fibers, weighing not more than 200 g/m2",1.666463,0.248,-0.694,0.0,33863427,-0.9216467463479415
5514,Woven fabrics of < 85% synthetic staple fibers weighing > 170 g/m2,"Woven fabrics of synthetic staple fibers, containing less than 85 percent by weight of such fibers, mixed mainly or solely with cotton, of a weight exceeding 170 g/m2",1.021101,0.247,-0.738,0.0,23738929,-0.9787798408488063
6405,Other footwear,Other footwear,1.198954,0.248,-0.742,0.0,50876904,-0.9853917662682603
4420,"Wood marquetry, ornaments, etc.","Wood marquetry and inlaid wood; caskets and cases for jewelry or cutlery and similar articles, of wood; statuettes and other ornaments, of wood; wooden articles of furniture not falling within chapter 94",2.499994,0.253,-0.75,0.0,60386974,-1.0026737967914439
1108,Starches,Starches; inulin,1.632584,0.22899999999999998,-0.782,0.0,123587120,-1.0129533678756477
6216,Gloves,"Gloves, mittens and mitts:",3.754092,0.254,-0.769,0.0,52828761,-1.0294511378848727
7903,Zinc powders,"Zinc dust, powders and flakes",1.922554,0.255,-0.776,0.0,14032721,-1.0402144772117963
2704,Coke,"Coke etc of coal, lignite or peat, retort carbon",3.985032,0.236,-0.804,0.0,501575848,-1.0509803921568628
4820,Notebooks,"Registers, account books, notebooks, order books, receipt books, letter pads, memorandum pads, diaries and similar articles, exercise books, blotting pads, binders (looseleaf or other), folders, file covers, manifold business forms, interleaved carbon set",1.656206,0.262,-0.781,0.0,104180502,-1.0568335588633289
4408,Sheets for veneering for plywood,"Sheets for veneering (including those obtained by slicing laminated wood), for plywood or for similar laminated wood and other wood, sawn lengthwise, sliced or peeled, whether or not planed, sanded, spliced or end-jointed, of a thickness not exceeding 6 m",2.578717,0.22999999999999998,-0.824,0.0,127231016,-1.0687418936446174
6210,Garments made of textile felts and nonwoven fabric,"Garments, made up of fabrics of heading 5602, 5603, 5903, 5906 or 5907",1.153796,0.251,-0.805,0.0,158738757,-1.0733333333333335
4803,Tissue,"Toilet or facial tissue stock, towel or napkin stock and similar paper of a kind used for household or sanitary purposes, cellulose wadding and webs of cellulose fibers, whether or not creped, crinkled, embossed, perforated, surface-colored, surface decor",13.001377,0.23099999999999998,-0.84,0.0,795803013,-1.0909090909090908
4412,Plywood,"Plywood, veneered panels and similar laminated wood",8.554993,0.253,-0.829,0.0,1651862588,-1.1082887700534758
2505,Natural sands,"Natural sands of all kinds, whether or not colored, other than metal-bearing sands of chapter 26",1.872391,0.255,-0.838,0.0,54818104,-1.1233243967828417
2713,Petroleum coke,"Petroleum coke, petroleum bitumen and other residues of petroleum oils or of oils obtained from bituminous minerals",2.920073,0.23299999999999998,-0.864,0.0,917184578,-1.125
1517,Margarine,"Margarine; edible mixtures or preparations of animal or vegetable fats or oils or of fractions of different fats or oils of this chapter, other than edible fats or oils or their fractions of heading 1516",16.15173,0.244,-0.859,-0.0,1652270783,-1.1347424042272127
0301,Live Fish,Live fish,2.580161,0.253,-0.868,0.0,67061994,-1.160427807486631
7902,Zinc waste and scrap,Zinc waste and scrap,1.310587,0.235,-0.897,0.0,8938051,-1.171018276762402
2402,Cigars and cigarettes,"Cigars, cheroots, cigarillos and cigarettes, of tobacco or of tobacco substitutes",3.474074,0.248,-0.887,-0.0,1072465407,-1.1779548472775565
2306,Solid vegetable oil and fat residues,"Oilcake and other solid residues, whether or not ground or in the form of pellets, resulting from the extraction of vegetable fats or oils, other than those of heading 2304 or 2305",17.198563,0.254,-0.882,0.0,2498367401,-1.180722891566265
2308,Vegetable materials for animal feeding,"Vegetable materials and vegetable waste, vegetable residues and byproducts, whether or not in the form of pellets, of a kind used in animal feeding, not elsewhere specified or included",1.00353,0.24,-0.902,0.0,13660642,-1.1852825229960577
3201,Vegetable tanning extracts,"Tanning extracts of vegetable origin; tannins and their salts, ethers, esters and other derivatives",15.676262,0.23099999999999998,-0.914,0.0,70561806,-1.187012987012987
1902,Pasta,"Pasta, whether or not cooked or stuffed (with meat or other substances) or otherwise prepared, such as spaghetti, macaroni, noodles, lasagna, gnocchi, ravioli, cannelloni; couscous, whether or not prepared",2.183495,0.237,-0.934,0.0,391853675,-1.2225130890052356
2619,Iron or steel slag,"Slag, dross (other than granulated slag), scalings and other waste from the manufacture of iron or steel",1.524909,0.248,-0.922,0.0,10208108,-1.2244355909694555
4409,Wood shaped along its edges,"Wood (including strips and friezes for parquet flooring, not assembled) continuously shaped (tongued, grooved, re- bated, chamfered, V-jointed, beaded, molded, rounded or the like) along any of its edges, ends or faces, whether or not planed, sanded or en",8.919078,0.24,-0.948,0.0,499863539,-1.245729303547963
4110,Waste of leather,Parings and other waste of leather,1.191368,0.23099999999999998,-0.963,0.0,346875,-1.2506493506493506
2513,Natural abrasives,"Pumice; emery; natural corundum, natural garnet and other natural abrasives, whether or not heat-treated",2.069611,0.28,-0.914,0.0,8833991,-1.2676837725381416
1903,Tapioca,"Tapioca and substitutes therefor prepared from starch, in the form of flakes, grains, pearls, siftings or in similar forms",2.464733,0.248,-0.957,0.0,6185695,-1.2709163346613546
6201,"Men's overcoats, not knit","Men's or boys' overcoats,carcoats, capes, cloaks, anoraks (including ski-jackets), windbreakers and similar articles(including padded, sleeveless jackets), other than those of heading 6203",1.653267,0.26,-0.942,0.0,336803271,-1.271255060728745
9601,Worked animal carving material,"Worked ivory, bone, tortoise-shell, horn, antlers, coral, mother-of-pearl and other animal carving material, and articles of these materials (including articles obtained by molding)",2.838549,0.242,-0.965,0.0,3905352,-1.2714097496706191
6112,"Activewear, knit","Track suits, ski-suits and swimwear, knitted or crocheted",1.572175,0.253,-0.958,0.0,105881607,-1.2807486631016043
6208,Women's undergarments,"Women's or girls' singlets and other undershirts, slips, petticoats, briefs,panties, nightdresses, pajamas, negligees, bathrobes, dressing gowns and similar articles",3.002078,0.273,-0.957,0.0,100648797,-1.3145604395604396
1519,Stearic acid,Stearic acid,30.336504,0.264,-0.976,0.0,4468427246,-1.3242876526458616
0906,Cinnamon,Cinnamon and cinnamon-tree flowers,10.116167,0.29900000000000004,-0.961,0.0,101008879,-1.368945868945869
6402,Other footwear of rubber or plastics,Other footwear with outer soles and uppers of rubber or plastics,1.659966,0.28300000000000003,-0.985,0.0,896604871,-1.371866295264624
7207,Semifinished products of iron or nonalloy steel,Semifinished products of iron or nonalloy steel,4.347435,0.274,-1.008,0.0,1524136199,-1.3865199449793673
3401,Soap,"Soap; organic surface-active products and preparations for use as soap, in the form of bars, cakes, molded pieces or shapes, whether or not containing soap; organic surface-active products and preparations for washing the skin, in the form of liquid",8.351328,0.253,-1.039,-0.0,833456521,-1.38903743315508
6211,Activewear,"Track suits, ski-suits and swimwear; other garments",1.219093,0.266,-1.039,0.0,219056133,-1.4136054421768707
6116,"Gloves, knit","Gloves, mittens and mitts, knitted or crocheted",1.279777,0.29900000000000004,-1.006,0.0,85195986,-1.4330484330484332
1401,Vegetable materials used for plaiting,"Vegetable materials of a kind used primarily for plaiting (for example, bamboos, rattans, reeds, rushes, osier, raffia, cleaned, bleached or dyed cereal straw, and lime bark)",3.607044,0.258,-1.116,0.0,8562573,-1.5020188425302827
8904,Tugs and pusher craft,Tugs and pusher craft,3.21561,0.30000000000000004,-1.055,0.0,136886341,-1.5049928673323822
2814,Ammonia,"Ammonia, anhydrous or in aqueous solution",8.730855,0.272,-1.1,0.0,730795827,-1.5089163237311387
7202,Ferroalloys,Ferroalloys,26.787048,0.279,-1.099,-0.0,14346149272,-1.5221606648199446
6209,Babies' garments,Babies' garments and clothing accessories,2.045666,0.274,-1.118,0.0,49262850,-1.5378266850068778
2008,"Fruits and nuts, otherwise prepared","Fruit, nuts and other edible parts of plants, otherwise prepared or preserved, whether or not containing added sugar or other sweetening matter or spirit, not elsewhere specified or included",2.178937,0.251,-1.155,-0.0,526242681,-1.54
6206,Women's shirts,"Women's or girls' blouses, shirts and shirt-blouses",3.259381,0.255,-1.15,0.0,429837573,-1.5415549597855227
1604,Prepared or preserved fish,Prepared or preserved fish; caviar and caviar substitutes prepared from fish eggs,2.012145,0.265,-1.145,0.0,459370839,-1.5557065217391304
6204,Women's suits and pants,"Women's or girls' suits, ensembles, suit-type jackets, blazers, dresses, skirts,divided skirts, trousers, bib and brace overalls, breeches and shorts (other than swimwear)",1.096914,0.26,-1.166,0.0,939337625,-1.573549257759784
3301,Essential oils,"Essential oils (terpeneless or not), including concretes and absolutes; resinoids; extracted oleoresins; concentrates of essential oils in fats, in fixed oils, in waxes or the like, obtained by enfleurage or maceration; terpenic by-products of the deterpe",2.459285,0.24,-1.198,-0.0,165208647,-1.574244415243101
1804,Cocoa butter,"Cocoa butter, fat and oil",9.214761,0.255,-1.175,0.0,601157988,-1.5750670241286864
8905,"Special function vessels, n.e.c.","Light-vessels, fire-floats,dredgers, floating cranes, and other vessels the navigability of which is subsidiary to their main function; floating docks; floating or submersible drilling or production platforms",2.962256,0.271,-1.154,0.0,752018309,-1.580821917808219
6212,Brassieres,"Brassieres, girdles, corsets, braces, suspenders, garters and similar articles and parts thereof, whether or not knitted or crocheted",2.887732,0.281,-1.154,0.0,399632582,-1.6027777777777776
0304,Fish fillets,"Fish fillets and other fish meat (whether or not minced), fresh, chilled or frozen",2.382468,0.254,-1.216,-0.0,724810161,-1.6278447121820616
5203,"Cotton, carded or combed","Cotton, carded or combed:",5.693365,0.272,-1.189,-0.0,15979454,-1.6310013717421126
6203,Men's suits and pants,"Men's or boys' suits, ensembles, suit-type jackets,blazers, trousers, bib and brace overalls, breeches and shorts (other than swimwear)",1.352974,0.275,-1.207,-0.0,780380686,-1.6625344352617082
5513,Woven fabrics of < 85% synthetic staple fibers weighing < 170 g/m2,"Woven fabrics of synthetic staple fibers, containing less than 85 percent by weight of such fibers, mixed mainly or solely with cotton, of a weight not exceeding 170 g/m2",2.894529,0.31399999999999995,-1.152,0.0,63336014,-1.6768558951965062
6101,"Men's overcoats, knit","Men's or boys' overcoats, carcoats, capes, cloaks, anoraks (including ski-jackets), windbreakers and similar articles, knitted or crocheted, other than those of heading 6103",2.220798,0.264,-1.244,0.0,78812951,-1.6879240162822253
1302,Vegetable saps and extracts,"Vegetable saps and extracts; pectic substances, pectinates and pectates; agar-agar and other mucilages and thickeners, whether or not modified, derived from vegetable products",1.584937,0.253,-1.274,0.0,159921587,-1.7032085561497325
1516,"Vegetable fats, hydrogenated","Animal or vegetable fats and oils and their fractions, partly or wholly hydrogenated, inter-esterified, re-esterified or elaidinized, whether or not refined, but not further prepared",17.148161,0.28600000000000003,-1.218,0.0,1207326609,-1.7034965034965035
8001,Unwrought tin,Unwrought tin,27.75647,0.29000000000000004,-1.213,0.0,1766751453,-1.7060478199718707
6110,"Sweaters, pullovers, sweatshirts etc., knit","Sweaters, pullovers, sweatshirts, waistcoats (vests) and similar articles, knitted or crocheted",1.319302,0.271,-1.251,0.0,948461916,-1.713698630136986
6205,Men's shirts,Men's or boys' shirts,2.589146,0.277,-1.243,0.0,400438620,-1.716850828729282
6102,"Women's overcoats, knit","Women's or girls' overcoats, carcoats, capes, cloaks, anoraks (including ski-jackets), windbreakers and similar articles, knitted or crocheted, other than those of heading 6104",2.481254,0.263,-1.299,0.0,122909865,-1.7601626016260161
1513,Coconut & palm kernel oil,"Coconut (copra), palm kernel or babassu oil, and fractions thereof, whether or not refined, but not chemically modified",28.378319,0.30900000000000005,-1.228,0.0,1974385913,-1.7745664739884395
2523,Cements,"Portland cement, aluminous cement, slag cement, supersulfate cement and similar hydraulic cements, whether or not colored or in the form of clinkers",2.36181,0.253,-1.343,-0.0,399474196,-1.7954545454545454
3605,Matches,Matches,2.07643,0.266,-1.326,-0.0,4957323,-1.8040816326530613
4601,Products of plaiting materials,"Plaits and similar products of plaiting materials, whether or not assembled into strips; plaiting materials, plaits and similar products of plaiting materials, bound together in parallel strands or woven, in sheet form, whether or not being finished",1.994457,0.261,-1.343,0.0,12899879,-1.8148648648648649
5206,Cotton yarn of < 85%,"Cotton yarn (other than sewing thread), containing less than 85 percent by weightof cotton, not put up for retail sale",4.507291,0.28200000000000003,-1.305,0.0,79264227,-1.8150208623087623
6207,Men's undergarments,"Men's or boys' singlets and other undershirts, underpants, briefs, nightshirts, pajamas, bathrobes,dressing gowns and similar articles",1.28356,0.275,-1.32,-0.0,21229525,-1.8181818181818183
6111,"Babies' garments, knit","Babies' garments and clothing accessories, knitted or crocheted",1.138333,0.275,-1.321,-0.0,97591739,-1.8195592286501376
0303,"Frozen fish, excluding fillets","Fish, frozen, excluding fish fillets and other fish meat of heading 0304",1.853356,0.265,-1.347,-0.0,487845194,-1.830163043478261
1521,Vegetable waxes and beeswax,"Vegetable waxes (other than triglycerides), beeswax, other insect waxes and spermaceti, whether or not refined or colored",1.276945,0.259,-1.358,-0.0,4679746,-1.830188679245283
0508,Coral and shells,"Coral and similar materials, unworked or simply prepared but not otherwise worked; shells of molluscs, crustaceans or echinoderms and cuttlebone, unworked or simply prepared but not cut to shape, powder and waste thereof",9.188906,0.266,-1.399,0.0,19975796,-1.9034013605442177
0307,Molluscs,"Molluscs, whether in shell or not, live, fresh, chilled, frozen, dried, salted or in brine; aquatic invertebrates other than crustaceans and molluscs, live, fresh, chilled, frozen, dried, salted or in brine; flours, meals and pellets of aquatic invertebra",4.560023,0.272,-1.408,-0.0,625167684,-1.9314128943758573
0901,Coffee,"Coffee, whether or not roasted or decaffeinated; coffee husks and skins; coffee substitutes containing coffee in any proportion",1.850586,0.272,-1.411,-0.0,875594196,-1.935528120713306
0905,Vanilla,Vanilla beans,2.325238,0.261,-1.462,0.0,14633056,-1.9756756756756757
7403,Refined copper and copper alloys,"Refined copper and copper alloys, unwrought (other than master alloys of heading 7405)",1.142551,0.253,-1.48,0.0,1149103794,-1.9786096256684491
4602,Basketwork,"Basketwork, wickerwork and other articles, made directly to shape from plaiting materials or made up from articles of heading 4601; articles of loofah",2.735905,0.269,-1.453,0.0,78032167,-1.9849726775956285
6104,"Women's suits, knit","Women's or girls' suits, ensembles, suit-type jackets, blazers, dresses, skirts, divided skirts, trousers, bib and brace overalls, breeches and shorts (other than swimwear), knitted or crocheted",1.861479,0.273,-1.464,0.0,830635795,-2.010989010989011
6106,"Women's shirts, knit","Women's or girls' blouses and shirts, knitted or crocheted",2.638048,0.281,-1.478,-0.0,124725025,-2.052777777777778
1106,Flour of dried legumes,"Flour, meal and powder of the dried leguminous vegetables of heading 0713, of sago or of roots or tubers of heading 0714 or of the products of chapter 8",2.233734,0.245,-1.566,0.0,24479832,-2.0714285714285716
0907,Cloves,"Cloves (whole fruit, cloves and stems)",14.271605,0.359,-1.35,-0.0,93102155,-2.102803738317757
2401,Unmanufactured tobacco,Unmanufactured tobacco (whether or not threshed or similarly processed); tobacco refuse,1.523403,0.266,-1.553,-0.0,197801746,-2.1129251700680274
3102,Nitrogenous fertilizers,"Mineral or chemical fertilizers, nitrogenous",1.426171,0.257,-1.575,-0.0,547618159,-2.1169354838709675
6105,"Men's shirts, knit","Men's or boys' shirts, knitted or crocheted",1.341322,0.30500000000000005,-1.493,-0.0,149056715,-2.145114942528736
0910,Spices,"Ginger, saffron, turmeric (curcuma), thyme, bay leaves, curry and other spices",2.06279,0.273,-1.565,-0.0,81214568,-2.1497252747252746
1703,Molasses,Molasses resulting from the extraction or refining of sugar,8.878292,0.269,-1.586,-0.0,134201135,-2.166666666666667
6103,"Men's suits, knit","Men's or boys' suits, ensembles, suit-type jackets, blazers, trousers, bib and brace overalls, breeches and shorts (other than swimwear), knitted or crocheted",1.993546,0.29000000000000004,-1.547,-0.0,346342835,-2.1758087201125176
1212,Seaweeds & edible vegetable products,"Locust beans, seaweeds and other algae, sugar beet and sugar cane, fresh, chilled, frozen or dried, whether or not ground; fruit stones and kernels and other vegetable products (including unroasted chicory roots of the variety Cichorium intybus sativum )",3.017613,0.248,-1.672,-0.0,54356884,-2.2204515272244354
1605,Prepared aquatic invertibrates,"Crustaceans, molluscs and other aquatic invertebrates, prepared or preserved",5.278049,0.30100000000000005,-1.556,-0.0,1182628066,-2.222857142857143
0908,Nutmeg,"Nutmeg, mace and cardamoms",18.140577,0.362,-1.424,-0.0,229372764,-2.22848200312989
0904,Pepper,"Pepper of the genus Piper; dried or crushed or ground fruits of the genus Capsicum (peppers) or of the genus Pimenta (e.g., allspice)",2.015588,0.29200000000000004,-1.597,-0.0,124237072,-2.2524682651622006
4106,Tanned skins of other animals,"Tanned or crust skins of other animals, without wool or hair on, whether or not split, but not further prepared",1.587566,0.248,-1.71,0.0,6267342,-2.2709163346613543
2702,Lignite,"Lignite, whether or not agglomerated, excluding jet",75.030182,0.363,-1.475,-0.0,7721021272,-2.311912225705329
2711,Petroleum gases,Petroleum gases and other gaseous hydrocarbons,1.54483,0.266,-1.702,-0.0,8442707061,-2.3156462585034014
0305,Preserved fish,"Fish, dried, salted or in brine; smoked fish, whether or not cooked before or during the smoking process; flours, meals and pellets of fish, fit for human consumption",1.436629,0.264,-1.78,-0.0,97033446,-2.4151967435549526
4402,Wood charcoal,"Wood charcoal (including shell or nut charcoal), whether or not agglomerated",17.625076,0.28800000000000003,-1.749,-0.0,346760320,-2.4530154277699863
5202,Cotton waste,Cotton waste (including yarn waste and garnetted stock),1.345256,0.272,-1.8,-0.0,7975033,-2.469135802469136
2701,Coal,"Coal; briquettes, ovoids and similar solid fuels manufactured from coal",14.172056,0.274,-1.816,-0.0,32822622303,-2.497936726272352
2616,Precious metal ores,Precious metal ores and concentrates,1.816438,0.281,-1.838,-0.0,259040847,-2.552777777777778
0306,Crustaceans,"Crustaceans, whether in shell or not, live, fresh, chilled, frozen, dried, salted or in brine; crustaceans, in shell, cooked by steaming or by boiling in water, whether or not chilled, frozen, dried, salted or in brine; flours, meals and pellets of crusta",3.539118,0.31000000000000005,-1.792,-0.0,1109049507,-2.5933429811866864
5205,Cotton yarn of > 85%,"Cotton yarn (other than sewing thread), containing 85 per- cent or more by weight of cotton, not put up for retail sale",1.845386,0.30900000000000005,-1.806,-0.0,263748698,-2.609826589595376
4105,Tanned sheepskins,"Tanned or crust skins of sheep or lambs, without wool on, whether or not split, but not further prepared",1.465629,0.262,-1.934,-0.0,12714179,-2.6170500676589987
1203,Copra,Copra,31.769703,0.33299999999999996,-1.753,-0.0,33305414,-2.6242514970059876
7501,Nickel mattes,"Nickel mattes, nickel oxides inters and other intermediate products of nickel metallurgy",43.939236,0.33199999999999996,-1.756,0.0,6625696328,-2.624813153961136
0801,Cashew nuts & coconuts,"Coconuts, Brazil nuts and cashew nuts, fresh or dried, whether or not shelled or peeled",3.398789,0.32299999999999995,-1.853,-0.0,321443985,-2.7330383480825957
2603,Copper ore,Copper ores and concentrates,7.443127,0.28500000000000003,-2.0,-0.0,8012782146,-2.793296089385475
2302,Cereal residues,"Bran, sharps (middlings) and other residues, whether or not in the form of pellets, derived from the sifting, milling or other working of cereals or of leguminous plants",4.879646,0.273,-2.07,-0.0,194172940,-2.843406593406593
1511,Palm oil,"Palm oil and its fractions, whether or not refined, but not chemically modified",41.720264,0.33599999999999997,-1.893,-0.0,21740433933,-2.8466165413533835
1404,Vegetable products n.e.c.,Vegetable products not elsewhere specified or included,30.701469,0.30600000000000005,-2.013,-0.0,579526571,-2.8964028776978417
4001,Natural rubber,"Natural rubber, balata, gutta-percha, guayule, chicle and similar natural gums, in primary forms or in plates, sheets or strip",15.726538,0.399,-1.937,-0.0,2434102179,-3.217607973421927
6704,Wigs,"Wigs, false beards, eyebrows and eyelashes, switches and the like, of human or animal hair or of textile materials; articles of human hair not elsewhere specified or included",4.335752,0.31499999999999995,-2.241,-0.0,322595419,-3.266763848396501
2615,Zirconium ore,"Niobium (columbium), tantalum, vanadium or zirconium ores and concentrates",7.768913,0.32199999999999995,-2.329,-0.0,162937751,-3.430044182621502
1301,Lac,"Lac; natural gums, resins, gum-resins and oleoresins (for example, balsams)",5.182209,0.31000000000000005,-2.393,-0.0,53153618,-3.463096960926194
